Value,Type,Updated,ReportingFeeds
a39dc4dc4e01a6c0c819c1fa9faa63811dd2978af85d4474cdc4dfa3dd0601a2,Hashes,4-May-2023 05:01 PM,Cyber Threat Alliance · Threat Library
8c8184cd9d5ea4e9e04dfeae2059985320a2f63751e63309c2a3015792abeb8c,Hashes,4-May-2023 05:01 PM,Threat Library
e4eb1a831a8cc7402c8e0a898effd3fb966a9ee1a22bce9ddc3e44e574fe8c5e,Hashes,4-May-2023 05:01 PM,AlienVault OTX · Threat Library
a37c9eff87024bba8147fa36a96a70f3203ad747a0bc0e7f5e72d72561717c6e,Hashes,4-May-2023 05:01 PM,Threat Library
4943b9a6ad3bfb4a953e315adfadcef4c3e0700163789bad20ef07a2dc44b5eb,Hashes,4-May-2023 05:01 PM,Threat Library
1e01f8ef1610dce5983c628f55d187757af14e3f0ee1bd94e63435bf647177cf,Hashes,4-May-2023 05:01 PM,Threat Library
c18722be3c093d1aee2b08262c1dd14d9689e39dd353198dadedd8169ea7d6b9,Hashes,4-May-2023 05:01 PM,Threat Library
602313c5c3a5a7bcbfdb9ae14254810e5fe88def1f101b92ae4605ca8745cfaa,Hashes,4-May-2023 05:01 PM,Threat Library
6c681fb1d36cde0ac6fb980730fe1ed304e4f375b9e56866af3abdf29eedd101,Hashes,4-May-2023 05:01 PM,Cyber Threat Alliance · Threat Library
4c63c7a8e7b646e4484c9f97be0eafac879ed10e44f11ef372406816d0362397,Hashes,4-May-2023 05:01 PM,Threat Library
0256feb5432a4782b0400c8f0dcf41d5fb2e7b030cdb3903babd3a7580507ebc,Hashes,4-May-2023 05:01 PM,Threat Library
e065b3705fb9c67f51c2fcfb1819401c462b2844bb6cdfc6a4bf271285e78ac2,Hashes,4-May-2023 05:01 PM,Threat Library
e8c8dd84b1291cf6050e98a170dcd8deb867449611cd4d81721d4f2425d831ee,Hashes,4-May-2023 05:01 PM,Threat Library
1c5d65d232c2e38587ca76ac4aa8482a0414d0c6f78aaf8451a154a751250d76,Hashes,4-May-2023 05:01 PM,Cyber Threat Alliance · Threat Library
247dada52dc0f6f32efffad9ddf80a6bf949cd44d15531d3c5edff0283f27c1a,Hashes,4-May-2023 05:01 PM,Threat Library
d7d11750eef29825a1dbb9ae17109e1f3c83b90967650cfa236c7e31ee8ab085,Hashes,4-May-2023 05:01 PM,Threat Library
610e67bc778bda35f78b14489b5ad603d3b01bc83bafe845f7b4b7162de02c2d,Hashes,4-May-2023 05:01 PM,Threat Library
d389e71b3282e358d4b9a424f3a5adcd513e16b17bc33e6003a2953f0c80842a,Hashes,4-May-2023 05:01 PM,Cyber Threat Alliance · Threat Library
a1a1cf58ace8c08ef0bfbac3c8f6328b4ea9e35d7bc69a7a3600d418b948c8bc,Hashes,4-May-2023 05:01 PM,Cyber Threat Alliance · Threat Library
94c502586bb0b8a55fae9ad6e4a2dfdcf8c99efc95d4ef8086f8c554550cf726,Hashes,4-May-2023 05:01 PM,Threat Library
29f7b434cc4bb8c08a3bbe44c7ca7114d3acf943635097622029e223a7d41e29,Hashes,4-May-2023 05:01 PM,Threat Library
cf680b51e18e498a7d27f931f7976fad61079d2ca99d36b6fa87d012ff4cc102,Hashes,4-May-2023 05:01 PM,Cyber Threat Alliance · Threat Library
6253da41b9c31e255c90f0ec5144af180ba07cd70ab310c1574d8f08c64be884,Hashes,4-May-2023 05:01 PM,Threat Library
cb6705f540012da38ba8c1ede02a48836cc1823165753383ece0403779df03af,Hashes,4-May-2023 05:01 PM,Threat Library
cbe6441464b1a97e38d095d35511dcb1fba873256716b38c48530a7f40e7ff86,Hashes,4-May-2023 05:01 PM,Threat Library
c41749901740d032b8cff0e397f6c3e26d05df76,Hashes,4-May-2023 05:01 PM,Threat Library
2c93d834a8c893b32b65d4c26c76798794fab1b3491d3bf3c84fbe9af1dc2ad7,Hashes,4-May-2023 05:01 PM,Threat Library
3e36355161d002c6482b93ef99b548934f9e1cf8b743ec12b4592fe69770dffd,Hashes,4-May-2023 05:01 PM,Threat Library
1bad58009ee24114b3ddcda11dc2a1ebe87233d6359765599d9926913c562072,Hashes,4-May-2023 05:01 PM,Threat Library
ed10791dfd6346ad3e6a3e1f30290d1de01adc076eb9f0b6f302146cd9a5586b,Hashes,4-May-2023 05:01 PM,Threat Library
5fbe4fc4ded8b6e5a990086214839a2af843d01016a72eb1a9526661867670b8,Hashes,4-May-2023 05:01 PM,Threat Library
23b93f45d58d5e7ad229c34526b0d67cf4268e67e7f1b6c189797de48f9814af,Hashes,4-May-2023 05:01 PM,Threat Library
927fabe77a992157407b53e1306270ca2fd01b474249383854557ab9cb54b30a,Hashes,4-May-2023 05:01 PM,Cyber Threat Alliance · Threat Library
3171c56d7ee3bc1fd34fd8024c1e52a6dd3c6128a91a6df246d1fc5929e30321,Hashes,4-May-2023 05:01 PM,Threat Library
aa3cdd07103b6edfaccb7a33e584054b37221d11e69f44d1feec2abfb19d3206,Hashes,4-May-2023 05:01 PM,Threat Library
71f8706ae9aff287c730c8bc72a5e612e8cdbaf215551437f0d72237cd4df08b,Hashes,4-May-2023 05:01 PM,Threat Library
853bad060a93e975e9156da6d0c690842d08c710b359ea7dd4fb7d0a08bd1bbc,Hashes,4-May-2023 05:01 PM,Threat Library
4c66d571dde6e4157b7c552273e4a8f4751c22b60dd29ebd3f1469cf54ca8eba,Hashes,4-May-2023 05:01 PM,Cyber Threat Alliance · Threat Library
8e5f5e9658efa7de5b228f064aa112300f873ae5040a4ecc6d0b028034d306b7,Hashes,4-May-2023 05:01 PM,Threat Library
4fb7b24b3058efc9efb5a4a639fa19aab4357d6f060814906fe4a0e8ecdee304,Hashes,4-May-2023 05:01 PM,Threat Library
aeaf7ab44ffdf50e42733e9499b30887166487153913f0a6ddfa91b25541d0d9,Hashes,4-May-2023 05:01 PM,Threat Library
ec7e5549d29aa6abbfbbcad8de03ac3030206cd8002e3813dc188dbd48d65d97,Hashes,4-May-2023 05:01 PM,Threat Library
f4c06dcfa07de842ee3485c2ba8b41255ef64e38ddae80551bdb92b4a1926d01,Hashes,4-May-2023 05:01 PM,Threat Library
1d9b13649cac2516812706f3e044f85b00d31a98919a804a6cbde9a62b4b6899,Hashes,4-May-2023 05:01 PM,Threat Library
d613f01ed5cb636feeb5d6b6843cb1686b7b7980,Hashes,4-May-2023 05:01 PM,Threat Library
862b6c85e15b1eec4b8e2d04882262589bdec3c89a4a8cf95b6cf53bdd2bad58,Hashes,4-May-2023 05:01 PM,Threat Library
102010727c6fbcd9da02d04ede1a8521ba2355d32da849226e96ef052c080b56,Hashes,4-May-2023 05:01 PM,AlienVault OTX · Threat Library
3daa230eab00954e555da827e1efe25cc58d77f7d63dcb6bf9aa3e2c340b85e3,Hashes,4-May-2023 05:01 PM,Threat Library
70c315b8a08c0b138cdfba8af37b06bfb2154a052183fcb8af29b4783c4ffdeb,Hashes,4-May-2023 05:01 PM,Threat Library
44f9e2894aaca7347f3567e7ff69f2e576ce5872bc4ff7879d27a0a6e7aafb20,Hashes,4-May-2023 05:01 PM,Threat Library
9541b0871b55dba8cd1f6391bf894290c4120da66b4b890ff394e79eadbd5753,Hashes,4-May-2023 05:01 PM,Cyber Threat Alliance · Threat Library
bc5ab045ab52039a48ab4be517730911d39befaa273f7cd140894c6112941aa8,Hashes,4-May-2023 05:01 PM,Cyber Threat Alliance · Threat Library
e38bca5d39d1cfbfbcac23949700fe24a6aa5d89,Hashes,4-May-2023 05:01 PM,Threat Library
7521a8b37618444e139ce0b3ec5d3b8381d46eec623923d00afd583016b4099f,Hashes,4-May-2023 05:01 PM,Threat Library
unlock@support-mult.com,Emails,4-May-2023 05:01 PM,AlienVault OTX · Threat Library
62fdcb8f9e00012fcd71ff3c1b2ce455c5207911f9228ca1af3b735df46f2c67,Hashes,4-May-2023 05:01 PM,Threat Library
d04efc08235ba8e3dc41f2ec7e864054dd997df415d7780d27b012c5e1bb95b0,Hashes,4-May-2023 05:01 PM,Threat Library
5e06c2baf2889cdf5703059351a09384a60cf4cadfe244db402523678ef1b0e0,Hashes,4-May-2023 05:01 PM,Threat Library
cdc31bbd75b1cf3c4c6790e726abc3f8d5fc542bf3e0bfdc20ce85353ccab1b2,Hashes,4-May-2023 05:01 PM,Threat Library
098a1c10c48ae9dcf666b92a2248cfa3d2dd616768b8d000b9c812cb3004775a,Hashes,4-May-2023 05:01 PM,Threat Library
37a62c93ba0971ed7f77f5842d8c9b8a4475866c,Hashes,4-May-2023 05:01 PM,Threat Library
7951575f47a16ad86ebcf4d46bc23913ae252a6138f8d39bc1dcd10c46881f15,Hashes,4-May-2023 05:01 PM,Threat Library
165b79e921a702e7a580d60bcd14fd4117f02e554463ddf0088635d7ee500aaf,Hashes,4-May-2023 05:01 PM,Cyber Threat Alliance · Threat Library
dc94e21e80522b2cee097064c31a7720d70a02d0c55f290d59030fd0c995cac5,Hashes,4-May-2023 05:01 PM,Threat Library
02f25ce1f2f1c8efaa1386c2f96483d1faf036b6616238372ed13e7eb60e4b07,Hashes,4-May-2023 05:01 PM,Threat Library
88d619ce1dba9f0eb1eb2c00627f2b3bf98e8d4e43f623d4f5c0e3c339da8037,Hashes,4-May-2023 05:01 PM,Threat Library
efadc1f4c85491b3f6787fad124f3568e0ee5a91d88696c8ad20a51e0536ac27,Hashes,4-May-2023 05:01 PM,Cyber Threat Alliance · Threat Library
34ddb42526422341ae4821c84e60a815d32f38fa3bd91ffbe0f2e3a20fbf7564,Hashes,4-May-2023 05:01 PM,Threat Library
2f7c4df32a5a48bd35b78c7c5da08667655e4a6afc3e5967d996508d62e16b12,Hashes,4-May-2023 05:01 PM,Threat Library
cf3d7d36ba364b63982698c813ac760e6ef57ce41e3fa7e64bbb9f75b039ec22,Hashes,4-May-2023 05:01 PM,Threat Library
f1bc71b7577042e758eea2d290e788ff12e445a90d6c6baac0c3e2e19004aa7f,Hashes,4-May-2023 05:01 PM,Threat Library
ec1c72ac8e62f51c97a5c16688334cafed0cbdc661bd1db736546ef2443852fb,Hashes,4-May-2023 05:01 PM,Threat Library
0b898bf85007a95de1c4b085523016299be18b244aee8f06b1c17938b4fa4f65,Hashes,4-May-2023 05:01 PM,Threat Library
981e0d084f78e268294fe3c0a5ecc4869bb189aff927a6b6a5da0cad61b4fca4,Hashes,4-May-2023 05:01 PM,Cyber Threat Alliance · Threat Library
3e3196cbbdfe4ff9220c13dd6b7b39d456b48e41cbed16407ce65635dcdb3a9f,Hashes,4-May-2023 05:01 PM,Threat Library
472bbeac0e49039e71b42288eb6a7aac511e799b704825302c8443fb1f48d2db,Hashes,4-May-2023 05:01 PM,Threat Library
051c727c98c76fe852676ec546d6dc3c5824dfc8136e7696bc4cd92ce6508f14,Hashes,4-May-2023 05:01 PM,Threat Library
181f86e5e4a319552e67ceb92910fc202d78dafce972a81fa4f41891fa74f75a,Hashes,4-May-2023 05:01 PM,Cyber Threat Alliance · Threat Library
c195c3f7b04feea8fe44b3a17a8953725e742643e28aa5924a6dc2790de36fe4,Hashes,4-May-2023 05:01 PM,Threat Library
4f483870145884452790d96c552a3095719f2e294b13830e42c40897d48df0c3,Hashes,4-May-2023 05:01 PM,Threat Library
69256a218c343c8ca41df827d78f37f27279e60c2f9ed683aae97c852c96a026,Hashes,4-May-2023 05:01 PM,Threat Library
e49c7b271131ad00e8819598be29e7a1e9e621b51abf00286e71048ac161dcb9,Hashes,4-May-2023 05:01 PM,Cyber Threat Alliance · Threat Library
58a9aabb951920bcfcf0ca6cfdc512cd37c7d2084467736c365f1e5daf2c98eb,Hashes,4-May-2023 05:01 PM,Cyber Threat Alliance · Threat Library
953ecb963e787407971ea2698e54c18dfd02b882c2da8950c0b8aa5ea2ff3d5c,Hashes,4-May-2023 05:01 PM,Threat Library
8e1bbe4cedeb7c334fe780ab3fb589fe30ed976153618ac3402a5edff1b17d64,Hashes,4-May-2023 05:01 PM,AlienVault OTX · Cyber Threat Alliance · Threat Library
07d17f3c85536cb734eb941a81e4ae6701b7dd1b37f66f6538ff0501889b08a1,Hashes,4-May-2023 05:01 PM,Threat Library
2824a8ce0e65bb185a88ff1fe5f1df202405c42b6705a420dbc07c565a44b240,Hashes,4-May-2023 05:01 PM,Cyber Threat Alliance · Threat Library
6e6bc1d31ae3aaa24bd9bdfaa95af2a0b739df3d58f3019351e7bfb3d4a8ac75,Hashes,4-May-2023 05:01 PM,Threat Library
d963b5ce5f60dfbedab028eb92afd83fd5c37a29095cf1136b1153ebd76943b3,Hashes,4-May-2023 05:01 PM,Threat Library
b71cd9fd8641d21cca5be08447697e1b2b4b6f61284e6962bfec16b1e18702a3,Hashes,4-May-2023 05:01 PM,Threat Library
714764bd9018d02634b92db7923c92c32f8128b2017e5dc6187e1c860b5bb71e,Hashes,4-May-2023 05:01 PM,Threat Library
48bac4ea2a111996807b8f8683f81b61c269fb46e550ff35018f740dedf90050,Hashes,4-May-2023 05:01 PM,Threat Library
2b05ecc5224fb803aa6470d832e9c55dfd59e9a59c20e07d9d622b5af198cb9c,Hashes,4-May-2023 05:01 PM,Threat Library
d00b441d92eed3ef6446334ad50fab867b7c46202efee16d2c548f0db23d928d,Hashes,4-May-2023 05:01 PM,Threat Library
a3804e0be2de5053dc4fb8658788b0d4f0e6525a941c593aac02006e76d7288a,Hashes,4-May-2023 05:00 PM,Cyber Threat Alliance · Threat Library
cb5eaf43a87b6a7b059c9c489f58e294475b2c1a6c9bae4f7da3c376caaf9572,Hashes,4-May-2023 05:00 PM,Threat Library
4254e60a816880d27887a8f271a29bda3acc7cdb46130c4c6ff1c702c0e8f7b6,Hashes,4-May-2023 05:00 PM,Threat Library
a24d8dc7b250aaa99528b11fa1f3a47011b1063edb4ed09092eadde25eb02a2f,Hashes,4-May-2023 05:00 PM,Threat Library
a660e35705c36c76f170fd97d287705e0fa9c15930dba19b5ed6b56f8d400553,Hashes,4-May-2023 05:00 PM,Threat Library
35b0b54d13f50571239732421818c682fbe83075a4a961b20a7570610348aecc,Hashes,4-May-2023 05:00 PM,AlienVault OTX · Threat Library
7725ff8e9b5fcb2520d890add5f5b2fe50a72a114822e10c5e3711e5aea0a47f,Hashes,4-May-2023 05:00 PM,Threat Library
b4f4eef54a5e21359dd61a46da790c62dfb26ba8b3bab06168550fe54a040c32,Hashes,4-May-2023 05:00 PM,Threat Library
16bab9fbfeeeb692507ac04134c75c9b7d1b3ba5ea2b8ef5be8ca6306208d1a5,Hashes,4-May-2023 05:00 PM,Threat Library
3d223afdfc6f479c89ca5f3f26108a3dd6916e55bbd153f5adcc780ec8a066b4,Hashes,4-May-2023 05:00 PM,Threat Library
22126f8e155ae69d3c734c7f30a817dcb96915f2c52b5b82f38460867a24f1a9,Hashes,4-May-2023 05:00 PM,Threat Library
e785c60f0a5bee0a9a419a57b63c34c8aa0bc082688f43d13335133acf482517,Hashes,4-May-2023 05:00 PM,Threat Library
827a75d28f69bd824c9860e2c016a0b17e0aa036b6d4482c7214369105485172,Hashes,4-May-2023 05:00 PM,Threat Library
11533a0dfa4c3495b7b19752af10d83a41ec7a8f2e2710e82a035d7645ee30b0,Hashes,4-May-2023 05:00 PM,Threat Library
924c8c233255d06ce597b640c5ee10205b26554f623a5b35ae935d4b81a028d5,Hashes,4-May-2023 05:00 PM,Threat Library
f472fe099269627dce49851e089cf0c61fd402b777dd6820e7d85f2e5a7b8def,Hashes,4-May-2023 05:00 PM,Threat Library
f10814d8cc54a3cb0e50f4a7c0ad539b1289da818817e292f247d30d9dd46453,Hashes,4-May-2023 05:00 PM,Cyber Threat Alliance · Threat Library
31829479fa5b094ca3cfd0222e61295fff4821b778e5a7bd228b0c31f8a3cc44,Hashes,4-May-2023 05:00 PM,AlienVault OTX · Threat Library
bafdced27d87867b3a83ebaf25df28609b94faa5336fdbeaf80e235f8884dcb5,Hashes,4-May-2023 05:00 PM,Threat Library
77ea0fd635a37194efc1f3e0f5012a4704992b0e,Hashes,4-May-2023 05:00 PM,AlienVault OTX · Threat Library · ThreatFox
6b3fbf3c740886abe83f02b354e1243054307b2037b452e2d5afc405cbbb99a9,Hashes,4-May-2023 05:00 PM,Threat Library
db3e17ea765e61cb2079f11cf765a83202eb946c3ab998e9bf64373f9aa33ec6,Hashes,4-May-2023 05:00 PM,Threat Library
21bdec0a974ae0f811e056ce8c7e237fd7c220c1,Hashes,4-May-2023 05:00 PM,Threat Library
3574161c00a0d13cfc0641f92d96509158d294743b50010d708503fe113e7731,Hashes,4-May-2023 05:00 PM,Threat Library
1107b6be61b0600b1fbf4f25fd9f12c7f97fa39e9cb45857330cbecb706e16aa,Hashes,4-May-2023 05:00 PM,Threat Library
c1c7f7a000afa850fbccb931e6cfce0647a1dd41324000e94e599aa8add00c8d,Hashes,4-May-2023 05:00 PM,Threat Library
67aa5e4f153cb46ad7ea529037a5815d1a7ea2cc696ae89b77709ad1e36c7d53,Hashes,4-May-2023 05:00 PM,Threat Library
2b068283027a18ac8b7249184a78b26b3770e3ed386e4b15f1a7517e0b560d40,Hashes,4-May-2023 05:00 PM,Threat Library
1645e677124ee56ffc9390d76c0bbbe22864e88bac353ec108cd0ea739882b45,Hashes,4-May-2023 05:00 PM,Threat Library
122562280c7ef922c81ba2ac5c18b1fdb73498cbd63284ea08833baf4d54d6ca,Hashes,4-May-2023 05:00 PM,Threat Library
fa5f4532d27eb0d4382fd6dfcfd7329589bbd247b261f945aa068e439fb09642,Hashes,4-May-2023 05:00 PM,Threat Library
ecd88275532e98a7e33ee960f1a399b89a478fc41cad6eb5bb12c20bc7a82b12,Hashes,4-May-2023 05:00 PM,Threat Library
d3df054fb7c94facb50e39e99c2d41682e3b8b84b36f4efbe0cd825db575e1fb,Hashes,4-May-2023 05:00 PM,Cyber Threat Alliance · Threat Library
daf3b3db192125b962bcd0b709ea33b7887ec306df86bcaa315500e4bfd08c23,Hashes,4-May-2023 05:00 PM,Threat Library
cff818453138dcd8238f87b33a84e1bc1d560dea80c8d2412e1eb3f7242b27da,Hashes,4-May-2023 05:00 PM,AlienVault OTX · Threat Library
58d168426df9be1f052b606a0627b79e02fd45d5ad6ba570aefaf499f75ab585,Hashes,4-May-2023 05:00 PM,Threat Library
ee1eb932848024e716afda2258e814d16c6c6fcbfb0c1d7078d5f870f2e5f854,Hashes,4-May-2023 05:00 PM,Threat Library
4123730a5fb1e5d101bd7026aa420c06a9c48aa198710973c024577392fbb10a,Hashes,4-May-2023 05:00 PM,Threat Library
97b69a3504aed6d87092dc0fee7b0315d6beb04261090876fff712c64fa5dcb4,Hashes,4-May-2023 05:00 PM,Threat Library
79dafe0e25dc0f4843f2f9080d12ba2a5e25be587a46cc55956ca059330b9e96,Hashes,4-May-2023 05:00 PM,Threat Library
0d4d2d04e9e3ea328550059eda4b13090c8d29e889bb0426203b2a63213a4496,Hashes,4-May-2023 05:00 PM,Threat Library
5732092323d4d86452a9563fa0dcb2da7fd18e68a79849956c5a04f8036bda1f,Hashes,4-May-2023 05:00 PM,Threat Library
6635638fa573f74c70e0009b5147057d117861433e8133549a664de61151680a,Hashes,4-May-2023 05:00 PM,Threat Library
626f33cb0942afc153b91916195b01eb50978b86426ef91deb89bb624230af7b,Hashes,4-May-2023 05:00 PM,Threat Library
a5f82f3ad0800bfb9d00a90770c852fb34c82ecb80627be2d950e198d0ad6e8b,Hashes,4-May-2023 05:00 PM,Cyber Threat Alliance · Threat Library
84426449c9bf1f45fbdf0413da59177f1b2ebd5482ba8babe73c5d5991518195,Hashes,4-May-2023 05:00 PM,Threat Library
5320014ea3af247e6f222140c3dc36a8edb2be9514c674f9baa18a997017d1d2,Hashes,4-May-2023 05:00 PM,Threat Library
814999acd454324720885c1887892278cf56aea635f06b39d28520fc6689e448,Hashes,4-May-2023 05:00 PM,Threat Library
87bd61ea1fd4721aa38a2dbedf8c4644d7ba0e0de59b3bec274c2f596ffa52f2,Hashes,4-May-2023 05:00 PM,Threat Library
4eac0ce88c46c472000b7168c72360889a5d1d8a1cf6265eb6489ba9f7a6cb65,Hashes,4-May-2023 05:00 PM,Cyber Threat Alliance · Threat Library
5583efc8ff11a6c2b737bbaaf9762d22550efe62c200150239af6330b406eb75,Hashes,4-May-2023 05:00 PM,Threat Library
6476baa158a8e22265f71278266b4dc26660c18349eb9474c389bbf547506689,Hashes,4-May-2023 05:00 PM,Threat Library
044eb03225670fc78dd61e3a037ca79ab3fbc418ffc9c7fc0ce874b6278752eb,Hashes,4-May-2023 05:00 PM,Cyber Threat Alliance · Threat Library
35328bed761825db45e1ba87497dadeea78c90fb7cea7444702072b8f628f2fc,Hashes,4-May-2023 05:00 PM,Cyber Threat Alliance · Threat Library
9639527bde643abfe14a333e0109865487bce30f02e33982a184127d53b73598,Hashes,4-May-2023 05:00 PM,Threat Library
7e91ff12d3f26982473c38a3ae99bfaf0b2966e85046ebed09709b6af797ef66,Hashes,4-May-2023 05:00 PM,AlienVault OTX · Threat Library
c851f47669337e913c546817dfc15ab404a1f3f151af7a6c8d26fb8dcbfaff83,Hashes,4-May-2023 05:00 PM,Threat Library
818563b88f404cddd8a9207ed8d2c43f2dc7c50e2ea042d70056fe7b4f363199,Hashes,4-May-2023 05:00 PM,Threat Library
6a4a4a7432b8d6c2e715cb42fd11d479116556e416aa91fe46768c8aa8ce8122,Hashes,4-May-2023 05:00 PM,Threat Library
11b834717ac44da93b6d551a888c689626145580cbb87dfa034837679e440239,Hashes,4-May-2023 05:00 PM,Threat Library
ba0f804b395c1b10b6d116522595571713d104ba26d536e5f4313f920482c784,Hashes,4-May-2023 05:00 PM,Threat Library
8247f58029446715f5f8be46ca6587b0f77491f1a809fddae831e77e9e19a103,Hashes,4-May-2023 05:00 PM,Cyber Threat Alliance · Threat Library
fec5824e87550fc4981606030d7b74f6d00b001de536916b95f7c1d24a8113d8,Hashes,4-May-2023 05:00 PM,Cyber Threat Alliance · Threat Library
95549a43369ce6851cc9029eb87f6d24878fa370b1f78d414bb22e32ed2a427e,Hashes,4-May-2023 04:59 PM,Threat Library
9ff6b78524b83d667df34eb5e00bf47dc66ca2b4bb7f9422622103311eee3d6e,Hashes,4-May-2023 04:59 PM,Cyber Threat Alliance · Threat Library
d5fe31471af8abcd884108fbbfe776c3df6c988a865e401fc83ccbdfe030ed4e,Hashes,4-May-2023 04:59 PM,Cyber Threat Alliance · Threat Library
2fdcfaa0e46895eb25a2710e15cd0da28669345e98b9552f3bff3de0ebd1a3cb,Hashes,4-May-2023 04:59 PM,Threat Library
a2bf7c3db49c869ec0006a06ed9dc1a1e9a2e345b4106283366bebe298de5cc5,Hashes,4-May-2023 04:59 PM,Threat Library
e2540bfc5f16a265206da1f0c591617edf4a6f7c6c71399eb0fd255fcac3f14a,Hashes,4-May-2023 04:59 PM,Threat Library
b4b075b57d8df0d4e7a3e757da73f4b261624c718587d592f64eb77808aa7e6b,Hashes,4-May-2023 04:59 PM,Threat Library
545f86aadc60f2f40fe1277a145f982f8e5c52e4b2479577cb1c27c186317b20,Hashes,4-May-2023 04:59 PM,Threat Library
f974bd3477d9e33a2382bfe4ceeeb62f00e84c0c4a52767b6f2683bdfafc5a72,Hashes,4-May-2023 04:59 PM,Threat Library
ea59e1195982feaf3c0318760eab34580d25cacb4c57058f155a035acb466eb4,Hashes,4-May-2023 04:59 PM,Threat Library
c4a81e0eab999afd3bef5408448c018774649559807e973da3d5a227cd194998,Hashes,4-May-2023 04:59 PM,Cyber Threat Alliance · Threat Library
ed66386011276c8e762fd6ca0f1ba48e83c6db0b42c2ab2e0ba61913efb91cb1,Hashes,4-May-2023 04:59 PM,Threat Library
4a9ed91b73bcb1910e7dbcf2601a14bdde072fb90813c0d7e82ebda0e4eeeb0d,Hashes,4-May-2023 04:59 PM,Threat Library
3c9f777654a45eb6219f12c2ad10082043814389a4504c27e5aec752a8ee4ded,Hashes,4-May-2023 04:59 PM,Cyware · Threat Library
5fecb14ae5102f3e6a7b07b92a307c5d37f6a43491de7d60077f7f979d234482,Hashes,4-May-2023 04:59 PM,Threat Library
c0541a6fb6b90ace1c8ef860931bcd1d50d0c1973281de641ee99d46fb659e32,Hashes,4-May-2023 04:59 PM,Threat Library
5d5e6bc6eedb008273edbd5b5d621e7c4613734c3031a50eccbd6be1cd94e062,Hashes,4-May-2023 04:59 PM,Threat Library
c6ee519776a66cc41a5819f21f93d615adf07d5646ed6d3ec5816560844c7484,Hashes,4-May-2023 04:59 PM,Threat Library
46c5fb69d773450b3cc1135a3a82c0ff5fbc7b996dc9baad21b2c4078667b9f5,Hashes,4-May-2023 04:59 PM,Threat Library
7329734ee1e7bc08a1c6d618a8ac25ccc3d90381456bef15525912222d5dd551,Hashes,4-May-2023 04:59 PM,Threat Library
cfa631a395cd9b44afe4accd47ff491dde264e7021f54ecee100255cc5baac43,Hashes,4-May-2023 04:59 PM,Threat Library
1c2a3ee536d6e4307dff6793f7f984003b4b49cf172b3e5beeeade360c6493ff,Hashes,4-May-2023 04:59 PM,Threat Library
097fd4e6a648b1c365db30f3cc73a04d35db7a5bdd22c0b7fc868ff2ae462cbd,Hashes,4-May-2023 04:59 PM,Threat Library
f8918fccd2592f21439bca129c6c67609e2c940125ad7382bbdb4f697ff438ea,Hashes,4-May-2023 04:59 PM,Threat Library
ed600a76be06624f8ccdba42b2ba997545de21d870a1014e3b6f10b494c38992,Hashes,4-May-2023 04:59 PM,Threat Library
320a10cc321e58828f431bc1bad502aca8e5ec82aaae0603308ce2253bcd1581,Hashes,4-May-2023 04:59 PM,Threat Library
1b82879f562518d43eb990a2ba0a0265949cb2bb12f931c9ac29fa1480d16c35,Hashes,4-May-2023 04:59 PM,Threat Library
df69a74249acb2015c720fe32a3c5522a9cb8b1c9a6136e3fb5bab6488dbb2b3,Hashes,4-May-2023 04:59 PM,Threat Library
60fae4e4ff59e52b27eea57cdc6b042c64e426bc6207b08816ef9c1437272645,Hashes,4-May-2023 04:59 PM,Threat Library
38d03c2e2ee2e1f59bb87469b69f479e8f542e3b6d1e0a71ca87e92b9c5e46de,Hashes,4-May-2023 04:59 PM,Threat Library
f87439636b309409b96b336099d84fff56773391cfa52faf069c3b7b517ba154,Hashes,4-May-2023 04:59 PM,AlienVault OTX · Threat Library
85aca36895c66bf671d1d5849a23452bd369164cc2506d6b3509791103ed67ad,Hashes,4-May-2023 04:59 PM,Threat Library
a007b8fdbf74d410588355a44ee59792ffcc6205180f165b70f183808bb9d777,Hashes,4-May-2023 04:59 PM,Threat Library
82ec9ac090f2038d2effa4490caf7ff8c6412eab1aeef40983fcd438f6bcdd66,Hashes,4-May-2023 04:59 PM,Threat Library
5456b531fa60e7bae6df4828c5704551f2b50e6282f956dedbea4eb592471b3b,Hashes,4-May-2023 04:59 PM,Threat Library
14938b858518b937eeb75cbebedb025243218b2b5fc776160adbd291d88bf3aa,Hashes,4-May-2023 04:59 PM,Threat Library
1555e8db8c9e6bd28677ad8dc719f9434172b343b6238b5a58c2a65cf7ebd9fb,Hashes,4-May-2023 04:59 PM,Threat Library
4160015dbdd4b3ea598b73533f97a09a0545e0d94cdaf40e818bf316f3534318,Hashes,4-May-2023 04:59 PM,Threat Library
876b07e685611c3968bab512cbef718934abd8bfec289a7c845733182a50bf5f,Hashes,4-May-2023 04:59 PM,Threat Library
913547f59fb19ae17ed4338907b56cea4f3ed9099a3a652fd7ed3112c757a1ae,Hashes,4-May-2023 04:59 PM,Threat Library
76371168541ba5277bd20d027513a0d97f62d3a6562e93fa9ce61c067dd2c24f,Hashes,4-May-2023 04:59 PM,Threat Library
7ada1228c791de703e2a51b1498bc955f14433f65d33342753fdb81bb35e5886,Hashes,4-May-2023 04:59 PM,AlienVault OTX · Threat Library
3ce44eb82b9c182020876c8e38357911ca00bb5a0bddaddfaecc1bb3c4bad773,Hashes,4-May-2023 04:59 PM,Threat Library
636ba70f7f3ed426c2d7cc534661f4ca5086a9eab18bc76493e6419e2eeddad1,Hashes,4-May-2023 04:59 PM,Threat Library
33d3451b805b0a1bab4aacef60dbe4c2973b100b3c89f702cd9ad61915daab88,Hashes,4-May-2023 04:59 PM,Threat Library
dfb3ed61a9e9a61fcafda3826b26451f2d93284789da069dc247c79c7b93dbf3,Hashes,4-May-2023 04:59 PM,Threat Library
e3ec2aa04afecc6f43492bfe2e0d271045ab693abfa332a2c89a5115ffe77653,Hashes,4-May-2023 04:59 PM,AlienVault OTX · Cyber Threat Alliance · Threat Library
153190faaa34275e11689235ea3c7ab0bcbd282b5e72cc8fecf53ebd9e9b35d1,Hashes,4-May-2023 04:59 PM,Threat Library
b4f06a082e936ceb6d099e6f158b7af39042cc242a7c403504874186a307382c,Hashes,4-May-2023 04:59 PM,Threat Library
21a6a3fc2e2c47d217a858e2c2ef6c4c6a0460176e6bdee72dec1cef425d26f8,Hashes,4-May-2023 04:59 PM,Threat Library
f6654ce2bc578eae5d213d06942bf153b4c0502e72211abdded5ceebce8e72ef,Hashes,4-May-2023 04:59 PM,Threat Library
6eba51a890931427fcf7df9b08e9f0eb120f6d29ee002c6fc0dfe39b956e6ef7,Hashes,4-May-2023 04:59 PM,Threat Library
4c2819b9e018f93626ecb736b64fefacc506f21ea49dedbe8558c64d35ed2fdc,Hashes,4-May-2023 04:59 PM,Threat Library
9201a4c7ce3b65dece415b99ac5d16ffd83d428d203e6ad974a470bbd3b299f5,Hashes,4-May-2023 04:59 PM,Threat Library
65b46329787d8f57c66aa1cd3ad6ddcb24f2b54dcb2c2498e50d190e121795c8,Hashes,4-May-2023 04:59 PM,Threat Library
e48900dc697582db4655569bb844602ced3ad2b10b507223912048f1f3039ac6,Hashes,4-May-2023 04:59 PM,AlienVault OTX · Threat Library
f3cd704a3cb808adcedbb065962f0364ff996ed66aa357f6a45417fb8c85cd5b,Hashes,4-May-2023 04:59 PM,Threat Library
30f4ba5a6cff1e63c5bcb10fe86647e740fec373b3da6c0919a99647ecd8dff5,Hashes,4-May-2023 04:59 PM,Threat Library
c6f467b9960b45c5bd6de81c65a48b50c0cc1c95edcafdead1751d59df80e925,Hashes,4-May-2023 04:59 PM,Threat Library
9e1f062603c074bb564272cf55caeb7eda724e4c92d0bcdc41a3c3c3f9dfd90d,Hashes,4-May-2023 04:59 PM,Threat Library
f38ae1cc7c4669fb2e7e9ed5fc8c0dd4db07b0b7285e462f915006112a93bad5,Hashes,4-May-2023 04:59 PM,Cyber Threat Alliance · Threat Library
a6952a20b825b8eca27fedf791039498ac5a7adca3f445748b8f76032847e267,Hashes,4-May-2023 04:59 PM,Threat Library
6306ad765827af82b8e698a0a354e92d560e23429318287a09c5dde4d64f9d93,Hashes,4-May-2023 04:59 PM,Threat Library
9e788851637823be6932fa8c84ae141b9543319f106223c667e1d274d0184a6f,Hashes,4-May-2023 04:59 PM,Threat Library
bfeb35a600c21221541beac96e768709fe5bf0450778d7f183c36c1e77e359e5,Hashes,4-May-2023 04:59 PM,Cyber Threat Alliance · Threat Library
df4d72f4937d91e6d33efab224a670d5ef752c097fbe9b537db9744b5964d210,Hashes,4-May-2023 04:59 PM,Threat Library
cc3be4d2774b315a71148b14a1985b10e898bcdead5d3488ccdd70a64907db11,Hashes,4-May-2023 04:59 PM,Cyber Threat Alliance · Threat Library
0a7ab8cc60b04e66be11eb41672991482b9c0656,Hashes,4-May-2023 04:59 PM,Cyber Threat Alliance · Threat Library
ac71b646b0237b487c08478736b58f208a98eebf,Hashes,4-May-2023 04:59 PM,AlienVault OTX · Threat Library · ThreatFox
4f536efe9d421095095145f2923576a55896c6820ac8e103688baadce939884c,Hashes,4-May-2023 04:59 PM,Threat Library
4d885d757d00e8abf8c4993bc49886d12c250c44,Hashes,4-May-2023 04:59 PM,Threat Library
a07f1ffa9918a8af7e60e1d19b97015a1bef02f63469431302818606a13921d5,Hashes,4-May-2023 04:59 PM,Threat Library
fb89e7d407a503f4fc568fe4e6628aa8657d5eb99dc639c461e2bcf6a11b599a,Hashes,4-May-2023 04:59 PM,Threat Library
73efd5dc218db4d8c36546d9c9efe91c,Hashes,4-May-2023 04:59 PM,Threat Library
a66413a37e400d8b593ac8456baeb6a613cf20ebf92cc5fc644114d9e1749192,Hashes,4-May-2023 04:59 PM,Threat Library
6574022b4013f0b268bed841ca171f78795f4667ddfd965d8bef865a888061c7,Hashes,4-May-2023 04:59 PM,Threat Library
27b8ef0ce5ac24ef6868aab3c15a88022e09916eddc7f00036c25d177e8935eb,Hashes,4-May-2023 04:59 PM,Threat Library
52973a4ad9bb52c9df7d95bab9dce263387593b46998de3db1c8de7c24f12439,Hashes,4-May-2023 04:59 PM,Threat Library
00e815ade8f3ad89a7726da8edd168df13f96ccb6c3daaf995aa9428bfb9ecf1,Hashes,4-May-2023 04:59 PM,AlienVault OTX · Cyber Threat Alliance · Threat Library
386430acf6bff1e03c05e85ef2dd6946f56a8a65909b6f75fd26fb2cfdf6ae62,Hashes,4-May-2023 04:59 PM,Cyber Threat Alliance · Threat Library
3601e26339f29d8811a34fc8635a821086b7f19ea02d15a64f14ae6400ee7858,Hashes,4-May-2023 04:59 PM,Threat Library
3a654b6409473665e41ed2787495436360f1288ff0718f485fd02edbf99b1e94,Hashes,4-May-2023 04:58 PM,Threat Library
667240c02eab6af0ee0c99f9e480a759cb63cba0bac128ddd68638aa5ee5367e,Hashes,4-May-2023 04:58 PM,Threat Library
495437248b1117fe23bd04b83c31b863684c75cacf973d1bbdba34d3d9da9062,Hashes,4-May-2023 04:58 PM,Threat Library
d574a3e8b010c46778959d5f8a616e0daf30dacc447d6d4daee414d9b4498995,Hashes,4-May-2023 04:58 PM,Threat Library
94620f49e658d49d31c9a13627e754fabba628d216bc25734b4d9a622e37684e,Hashes,4-May-2023 04:58 PM,Threat Library
982f745ed38208d03668bbd3b62361bc4e353c19a9adcb9f2430f33accde0cb7,Hashes,4-May-2023 04:58 PM,Threat Library
065e3366deaf3f30c1299eafd8578ee8baca25f2f3481d871313be99658d67e9,Hashes,4-May-2023 04:58 PM,Threat Library
f1f316fa98a09eb4927841ad721bf8c92f10da88c658afdac8682db8a46c8207,Hashes,4-May-2023 04:58 PM,Threat Library
fa735b6160f63317cba3d6dafb977677ebce07f8d1d2d016d1633c1ec2e7d281,Hashes,4-May-2023 04:58 PM,Threat Library
4e104dea9443e4f45fca739be9039327ce8a1ffe856bd98025ae7ec75bf1b940,Hashes,4-May-2023 04:58 PM,Threat Library
4da63e0bed174e80dcd9ae62df1b6eb187eba16fcc3d401e25de49d8103f8fbc,Hashes,4-May-2023 04:58 PM,Threat Library
4fa2b95b7cde72ff81554cfbddc31bbf77530d4d,Hashes,4-May-2023 04:58 PM,AlienVault OTX · Threat Library · ThreatFox
055a0aaaf36b6960310ef4d266763b83815df1e29356657183fc920ad55a3acf,Hashes,4-May-2023 04:58 PM,Cyber Threat Alliance · Threat Library
fde859e9bb2ae964c272da9accee4667974c73dc8a3c8ff87981e0f76503a017,Hashes,4-May-2023 04:58 PM,Threat Library
85726057ea19a8c9c7db55cd946c4784b56723a0e5bec5d80a0d8bcee029ed81,Hashes,4-May-2023 04:58 PM,Cyber Threat Alliance · Threat Library
http://6v4q5w7di74grj2vtmikzgx2tnq5eagyg2cubpcnqrvvee2ijpmprzqd.onion,URLs,4-May-2023 04:58 PM,Threat Library
b911a55e558a18da803f0e2c19908e2e66fcae337e3349fbe6cc649865c07e08,Hashes,4-May-2023 04:58 PM,Threat Library
3baf3580705c5a2d8ea3c941ba0ff055a3ce275968a7c6456a5aa747440a1841,Hashes,4-May-2023 04:58 PM,Threat Library
bc59ff12f71e9c8234c5e335d48f308207f6accfad3e953f447e7de1504e57af,Hashes,4-May-2023 04:58 PM,AlienVault OTX · Threat Library
unlock@support-box.com,Emails,4-May-2023 04:58 PM,Threat Library
4900a29def91fd90af69d61c5756554a2c11a43ea070ba35e67527b66497c537,Hashes,4-May-2023 04:58 PM,Threat Library
a6e940b1bd92864b742fbd5ed9b2ef763d788ea7,Hashes,4-May-2023 04:58 PM,AlienVault OTX · Threat Library · ThreatFox
67fd7b558dbe2ca38784a714fcc63fe3a291228dccb0ea7c6b684f1910c66533,Hashes,4-May-2023 04:58 PM,Threat Library
63e0fbfff4f4ea557176e7786c29c5aa8374b7b9b0e291cae38a4974b6a2ba89,Hashes,4-May-2023 04:58 PM,Threat Library
dc383a4fac016495c5bf9317fa82c8dcd5535929fd0dc809d3021d73deeaac5c,Hashes,4-May-2023 04:58 PM,Threat Library
5a10561b4b3ad6e14aa599793a6365a201ae070090a425013edcf44c7ebc1398,Hashes,4-May-2023 04:58 PM,Threat Library
4d46f82ed6a730101fff7c9bf2538cb56859428fdd6a3b999e1328e93629067a,Hashes,4-May-2023 04:58 PM,Threat Library
a085976c9cf231f338e3fd7aecc958dcd9c86ea31cd06a0f0b6e78aea9d2babd,Hashes,4-May-2023 04:58 PM,Threat Library
c18f9f63dfcbdd78ff6c3b3473b51b1dd58db0e1c2eee03fc3d8d478478c46a6,Hashes,4-May-2023 04:58 PM,Threat Library
71ea38d86629a3cf544df501c99b9ded3d85938c142e7ab0fa5d4c62229c1389,Hashes,4-May-2023 04:58 PM,Threat Library
10f4be34c2e41e6c2d4932ab77f189cf5da659abd028537604eae6435c83516a,Hashes,4-May-2023 04:58 PM,Threat Library
92bc66c03a89459a5238eb84104d14736d6b517119fa1b700ed2c5d6fcfece46,Hashes,4-May-2023 04:58 PM,Threat Library
07f14ee148c75b796aaa83f00b7b4af537462920125b53c075562fa959f32504,Hashes,4-May-2023 04:58 PM,Threat Library
cfa3e6b2a3180dbd6098f32eaa2b8e98e7b079e25bb51ac90ab35132aa602684,Hashes,4-May-2023 04:58 PM,Threat Library
94fdefeb247a209fe09c976acd37c6bdaad9fc3f96b1794f5b4534983e73112b,Hashes,4-May-2023 04:58 PM,Threat Library
b61257cd4c256e1399b747788786c441b56824ee83f7ab0e99e85b053beec928,Hashes,4-May-2023 04:58 PM,Threat Library
310079e8a026428d8e40c7908c9f7c950413723fc97329070dea80431facfc81,Hashes,4-May-2023 04:58 PM,Threat Library
4831890bbdcbd60a4655571b1b5038cffe6c20ebcac8dba4fe46c0eb889fa44f,Hashes,4-May-2023 04:58 PM,Threat Library
64f76fe24f95cd4eb49a3981b4fb7aad5ed953ecde6247f7cd284818bdea7c20,Hashes,4-May-2023 04:58 PM,Threat Library
e473e5b82ce65cb58fde4956ae529453eb0ec24f,Hashes,4-May-2023 04:58 PM,Cyber Threat Alliance · Threat Library
bbf17e59537552cdfcbc5ea465e007b54f37cb50fe6031bf1403c880ccfc8888,Hashes,4-May-2023 04:58 PM,Threat Library
313c355f0b3d9d5215becefdf7cb2a1a53c06a5d124bb080eb4c60086f961dc0,Hashes,4-May-2023 04:58 PM,Threat Library
a7fa318b8fee1e4402b8f7f52545130fd584a92c427f928493b5313f9dce55b1,Hashes,4-May-2023 04:58 PM,Threat Library
2af8120cdfc2e21dd7309f4796b1aed50ca2f09fd4ce7ba26f0f25109fd19fb4,Hashes,4-May-2023 04:58 PM,Cyber Threat Alliance · Threat Library
edf4d47af7cd49651f33ef0bc66cfb5faae55a33879bc0bd9b57e53ad820f4df,Hashes,4-May-2023 04:58 PM,Cyber Threat Alliance · Threat Library
25901d3bc5566013e48bd6ab3a27251b07770b5f15b8418a41284b86e2036e79,Hashes,4-May-2023 04:58 PM,Threat Library
426e044354a350242529ad7f0e0ee0c56ebddb7be0033a7f109ac9060b485ff9,Hashes,4-May-2023 04:58 PM,Threat Library
0c6a817a74db8c55e2ac9dc45e3a8e1eff267e8b96dfc5ef74ba1961949a305e,Hashes,4-May-2023 04:58 PM,Threat Library
a1a628cca993f9455d22ca2c248ddca7e743683e,Hashes,4-May-2023 04:58 PM,AlienVault OTX · Threat Library · ThreatFox
3c197ca1206e0deb2357a98dc0327b692406f67ef0588e233ed1b951cd4b7ca4,Hashes,4-May-2023 04:58 PM,Threat Library
0db1825cfb9a31cb10d08ef865836c6a7a7264ed79b3738d911f641fc1a9edc5,Hashes,4-May-2023 04:58 PM,Threat Library
65237b7635e73f28b35e799ff22f13cac36d31f815a8bb271b8cfec9f5dfdbdd,Hashes,4-May-2023 04:58 PM,Threat Library
5e95b9712bba13e57d36d03fefbe90c3b32142e2a3d8a8ffe4dd1aa72cb467ce,Hashes,4-May-2023 04:58 PM,Threat Library
a36891d7f256d5ae712dc632491ee70f04fe5fba19b04bc3c9056a158a45db20,Hashes,4-May-2023 04:58 PM,Threat Library
68ebaebb539ccd37a245d83b9078ebf4fef49ea23834aa4b478a3b9de7f9ac89,Hashes,4-May-2023 04:58 PM,Threat Library
3772280e0571d8e3a545db8b986c1aabf228d9eb921c573201a9db496f631acd,Hashes,4-May-2023 04:58 PM,Threat Library
2b62d324694be905c1c20247c5f92dccbfe8246056c8906b5629c15cf49585af,Hashes,4-May-2023 04:58 PM,Cyber Threat Alliance · Threat Library
0b5ed93a5da40cec20f414028fab9ada951745455c8e982ff67ac39590b9768a,Hashes,4-May-2023 04:58 PM,Cyber Threat Alliance · Threat Library
794b652cd16158f2a37ceb302249772c2c65db3c42f3a201ad5381d441424304,Hashes,4-May-2023 04:58 PM,Threat Library
db2abd334220eb27a86e563b0295c165e31aee103654951f34e26a494998de2d,Hashes,4-May-2023 04:58 PM,Cyber Threat Alliance · Threat Library
3a9cd9bbcfd7e90c80a409d5c4cd27a99048cf08ece7379e3894877a782c41a3,Hashes,4-May-2023 04:58 PM,Cyber Threat Alliance · Threat Library
50119da56e84ae4baa207a9391a0143fe5aa66c212aeba08e2d6d864af0a0d83,Hashes,4-May-2023 04:58 PM,Threat Library
fa7d3a56408e9054fab8caf40ca8712a44f25b1174b6137f31ed10457c73b6bb,Hashes,4-May-2023 04:58 PM,Threat Library
3f43070bc864dc75e6be0c52a541ea33ed3f4300af10e57de74657347a87f36f,Hashes,4-May-2023 04:58 PM,Threat Library
3ee9b22827cb259f3d69ab974c632cefde71c61b4a9505cec06823076a2f898e,Hashes,4-May-2023 04:58 PM,AlienVault OTX · Threat Library
a26ef51174037b7be211a4ddb395e346d61e7c4686f955c0e734443132f6d5fa,Hashes,4-May-2023 04:58 PM,Threat Library
4cc3b49dd8cd42c3516e6005d6b73ec8c25320ba66fcc7c0cad18b5e100ea796,Hashes,4-May-2023 04:58 PM,Threat Library
9d59ee5fc7898493b855b0673d11c886882c5c1d,Hashes,4-May-2023 04:58 PM,Threat Library
ec2a3e9e9e472488b7540227448c1794ee7a5be6,Hashes,4-May-2023 04:58 PM,Threat Library
586275a426cd8cbc851da608b1f03759196874e5ef00853989408e88141703e3,Hashes,4-May-2023 04:58 PM,Threat Library
4d11ab5f6b0fc284c30938b038de756a8be2a7daec9468f01d2143198e40d1ba,Hashes,4-May-2023 04:58 PM,Cyber Threat Alliance · Threat Library
b29c55ff821aac14b1fbdc7cca5eece47e5e196a73f699b00771ce0e15b98a26,Hashes,4-May-2023 04:58 PM,Threat Library
307b933b53ff86c961bc3f6a0cdc268f10efbeaa657bcb931d11ab1069f9fbd8,Hashes,4-May-2023 04:58 PM,Cyber Threat Alliance · Threat Library
unlock@gl-box.com,Emails,4-May-2023 04:57 PM,Threat Library
366f9a625a657e8882f4cca779a6cfeec55e9a3ef0e417cf5b7fb0ca10a03942,Hashes,4-May-2023 04:57 PM,Threat Library
9fd59ba40c26b3161642d5ebb85796b4262e5d5aa5d1e5eceb919b52a8f9b00e,Hashes,4-May-2023 04:58 PM,Cyber Threat Alliance · Threat Library
598e453a2d458021bfef791d7e4c58391134f30a4508c9e78a2df707f01e0942,Hashes,4-May-2023 04:57 PM,Threat Library
7c90d8aed3efb9f8c661b1ab0a6f5986,Hashes,4-May-2023 04:57 PM,Threat Library
a9a7dfa82c0c4682dc605a1cdef20582e4e8d1de35309a4a64f1e1772f2c186d,Hashes,4-May-2023 04:57 PM,Cyber Threat Alliance · Threat Library
a8ae67f07f9f3cf078f07045e5ba2f3c01850c0f32a9a286812b9a5cf1f2df80,Hashes,4-May-2023 04:57 PM,Threat Library
bdcf5971a160bb6f578e93a26774f4f4218cb17e724398885fb05d9e1cdc9c37,Hashes,4-May-2023 04:57 PM,Threat Library
4f61434fe3f71585ffa691f5273a2c3d06ee61da357ff7bd0470e06d5e484f80,Hashes,4-May-2023 04:57 PM,Threat Library
87b829d5a4f348059c6a4fe42169f70a018443bcb1b5efe859fc22b25a5860bf,Hashes,4-May-2023 04:58 PM,Threat Library
6afe611286ce92773e4c5e9217e35011d5a9ac0917958b98673a4ec5aa14f3bf,Hashes,4-May-2023 04:57 PM,Threat Library
e4657bdfd8a573447c665c1e6355434bc0f0aab670b7dff17bd9ebf8ce2ca38f,Hashes,4-May-2023 04:57 PM,Threat Library
http://santat7kpllt6iyvqbr7q4amdv6dzrh6paatvyrzl7ry3zm72zigf4ad.onion,URLs,4-May-2023 04:57 PM,Threat Library
6252dd8a02df48396c873649ba84370766eedd19feefbe89a3e79692737002d2,Hashes,4-May-2023 04:57 PM,Threat Library
44039f02014c899a8139fab840e905c360164a74d23398ccaba9c58bd802c4af,Hashes,4-May-2023 04:57 PM,Threat Library
0d19f60423cb2128555e831dc340152f9588c99f3e47d64f0bb4206a6213d579,Hashes,4-May-2023 04:57 PM,AlienVault OTX · Cyber Threat Alliance · Threat Library
a6a9347c272171870ce52af48138deb57729d4cd291adad01f0e6e9238e0343d,Hashes,4-May-2023 04:57 PM,Threat Library
46b02cc186b85e11c3d59790c3a0bfd2ae1f82a5,Hashes,4-May-2023 04:57 PM,AlienVault OTX · Threat Library · ThreatFox
ee83fd9b8368bd4d2cdbebdccfdb41373c3c490d9c5b8d17530990e084131f29,Hashes,4-May-2023 04:57 PM,AlienVault OTX · Threat Library
a9130d8a86cbaedd86fc94748901c09053628fbd2c13e4a955d2eb6569890165,Hashes,4-May-2023 04:57 PM,Threat Library
1650cf1d040128f171568b7cb4c3118c5eca6f1b26bcd56175b6bda338d606fe,Hashes,4-May-2023 04:57 PM,Threat Library
75ae3d2f16f5c546e796e0d1b51dee09d7e8d45746b028a38551ebcc01ff0319,Hashes,4-May-2023 04:57 PM,Threat Library
0eb6dcfc4f05da8ef53ab0d519189dce3597dbe3a898ced9b51d63a0419c62e9,Hashes,4-May-2023 04:57 PM,Threat Library
64ef3d48f0f781ad57ca04e4eca99c146df216a7aa963d432475a53b6a64c124,Hashes,4-May-2023 04:57 PM,Threat Library
b207ce32398e8816ed44ea079904dc36,Hashes,4-May-2023 04:57 PM,Threat Library
b2dec8113a30ea31b59f179537931204b53ce56c322099de4d3eac9beef130bc,Hashes,4-May-2023 04:57 PM,Threat Library
ec932f3b71a557dd4b64fee39ae0d66f4205e29a4831362f02b75cb4a3efb155,Hashes,4-May-2023 04:57 PM,Threat Library
365316668cdb73f8de599ee0231ea5453835640b37e27b0415266521ae3b585a,Hashes,4-May-2023 04:57 PM,Threat Library
929b7bf174638ff8cb158f4e00bc41ed69f1d2afd41ea3c9ee3b0c7dacdfa238,Hashes,4-May-2023 04:57 PM,AlienVault OTX · Threat Library
a71c9c0ca01a163ea6c0b1544d0833b57a0adcb4,Hashes,4-May-2023 04:57 PM,Cyber Threat Alliance · Threat Library
95ea344b63f3a7b2947ef08b6dfd78a462f74257d7ac8632efcc4cd41099a0e4,Hashes,4-May-2023 04:57 PM,Threat Library
016fe9804782f06497da841e2aa1ed0ecee77e2f923938043cffe871d0fb7477,Hashes,4-May-2023 04:57 PM,Threat Library
6ef56ad23dcda14a0f19c850391bbe8179128669de9357d1848dae0c7538d940,Hashes,4-May-2023 04:57 PM,Threat Library
e71bb6e0401855482e1ddd657dbbba9a695931528a491e0059c114a72ba228a3,Hashes,4-May-2023 04:57 PM,Threat Library
58cdff0349066a3770b0328b6895533230a9b68f1748803eecf847f5da29918e,Hashes,4-May-2023 04:57 PM,Threat Library
b2c747eac1c039bc6816120e8381a45d0aede20cc3e58210a86ed8968e3ecbbd,Hashes,4-May-2023 04:57 PM,Cyber Threat Alliance · Threat Library
aa880815ffe722033ea844e062a41eecb6dd91d0614957739f1657f49d164c95,Hashes,4-May-2023 04:57 PM,Threat Library
1e19261073953db5927f693231268ddc59e9122e8e89ed475a2d2bec98e0fc1a,Hashes,4-May-2023 04:57 PM,Threat Library
d19a8ebbcd0dd9f1f438ac04d510270a135ba4c0c59f3f5eb92ae7e4ea5d8f71,Hashes,4-May-2023 04:57 PM,Threat Library
16e23ac5c9ee0cd3a6e98405ebae32336e0fe71e00eb2a276fc89f895039c7cb,Hashes,4-May-2023 04:57 PM,Threat Library
9d3bac28e24a997c2d2b3a955b7f0d57494950a0269f1bf31dc45fb1dadcdb84,Hashes,4-May-2023 04:57 PM,Cyber Threat Alliance · Threat Library
95a1203aafe82cac039d1054807fdacab0163a4595fb0802048347b97559eb64,Hashes,4-May-2023 04:57 PM,Threat Library
9019a1b292119a3a300b17f249f248a15aa6f59418bd1082317cdf732f90e964,Hashes,4-May-2023 04:57 PM,Cyber Threat Alliance · Threat Library
2484eab57eb64c5c251592829d543948601bb3d644249b35812657a9b470b4d4,Hashes,4-May-2023 04:57 PM,Threat Library
af02d3501fc954f435a0569fd727af9377d54891b4690ccbf7e3e10bf1f6c0dc,Hashes,4-May-2023 04:57 PM,Cyber Threat Alliance · Threat Library
7d3163672437b9dfecdc8eab8a6867580dc8acaa72bdfa9407f8a5b892ce8cdb,Hashes,4-May-2023 04:57 PM,Threat Library
eae970adccd90bd5f13cf68a66453c1b1f66d7e47e94c5fcf66be94064339d97,Hashes,4-May-2023 04:57 PM,Threat Library
e128527dc26242cecf6a6a5806a3e6e3eaf7336bfd43be03f48e9c94b64853eb,Hashes,4-May-2023 04:57 PM,Threat Library
e028032c7ac8b505da2a23770b715f0232d58755ac64ebfe192f58aa0de3300f,Hashes,4-May-2023 04:57 PM,Threat Library
c8cab8efda287d373d605c07dab86d149565de39f78ec6d4692800bd18127588,Hashes,4-May-2023 04:57 PM,Cyber Threat Alliance · Threat Library
dead5586c80333891f1a4b3b76ac7e0c2aa4be0bc91664c041c6fcf07f5a1b6a,Hashes,4-May-2023 04:57 PM,Threat Library
30598852f6acd3f17b392a2588384f10ae0d90f7d82b9fce2858c4b8382a55b1,Hashes,4-May-2023 04:57 PM,Threat Library
2b0260705e3709e58564bd151514c84b7c41f7e13ff5308d6b3dcc5fd713cbe8,Hashes,4-May-2023 04:57 PM,Threat Library
8e0233fa632b12d988c71b3f4c2ae483dff512561fd8c44bb3d0396719f8f31c,Hashes,4-May-2023 04:57 PM,Threat Library
6c44cb8353a8ac8f445ee015da99baafd7ec6d01440f2d87fcbe04538c7162f8,Hashes,4-May-2023 04:57 PM,Threat Library
7d83f7e777fb7a065d2ea35a556c1e72b5c92c777b0da258cfca3449d7be0fd3,Hashes,4-May-2023 04:57 PM,Threat Library
6f4ebf487edce8c9d4cc154ecb7d4a78da942df6dfdb79402c649686b37aca37,Hashes,4-May-2023 04:57 PM,Threat Library
eb35dd9ee72207edc8dd9c16ab79c6abba76cd9fcd961f5ba36aa2b1264fda2c,Hashes,4-May-2023 04:57 PM,Threat Library
09b4c74c0cf18533c8c5022e059b4ce289066830,Hashes,4-May-2023 04:57 PM,Threat Library
97bcfe96d06b9d8455394e520d5b3f2a8c19636e64814c781cc6efd6a70267c9,Hashes,4-May-2023 03:23 PM,Threat Library
7b888c7882d686f77ec24458b24ccd368f24d6d9b0fef4eb87c33d1023f222a7,Hashes,4-May-2023 03:23 PM,Threat Library
f4492b2df9176514a41067140749a54a1cfc3c49,Hashes,4-May-2023 03:23 PM,Threat Library
039998184bccf9b2755e2c5636ab22919e7895da063b6ab96eb87665db087d4c,Hashes,4-May-2023 03:23 PM,Cyber Threat Alliance · Threat Library
4da61dc2aaddb2f8e74bfefc1ecef9876b1bb2688decee832a803c83dafa6358,Hashes,4-May-2023 03:23 PM,Threat Library
96caf3bcd58d41d23d1a4e27f2165ae3,Hashes,4-May-2023 03:23 PM,Threat Library
e19d8919f4cb6c1ef8c7f3929d41e8a1a780132cb10f8b80698c8498028d16eb,Hashes,4-May-2023 03:23 PM,AlienVault OTX · Threat Library
5683695059968954ac537ee8b11688685e0ec2aacd58d5c46d578e9303cd8371,Hashes,4-May-2023 03:22 PM,Threat Library
d6673a4edf9cfd11f36c299036035a7008575396bfcecd3bcd8f6b0eaef0d4f9,Hashes,4-May-2023 03:22 PM,Threat Library
db424b062e5309f2fb1033735b86ebc0dc860698846e2f7946259a4a9f83b8d5,Hashes,4-May-2023 03:22 PM,Threat Library
6b399f885b21d5037005e5b7dde842e134b8b3f8a50e126e61d5809f79b1b3a3,Hashes,4-May-2023 03:22 PM,Threat Library
831b02ce5535fd1759e329464a3bce6bdd3f64cb541e8c6839032bfe70fbfd77,Hashes,4-May-2023 03:22 PM,Threat Library
c945d37652be259fd1bc75c8354a4b4c512e3a6b40c6414e72db3f9536f0ed23,Hashes,4-May-2023 03:22 PM,Threat Library
4fdbe55a15c2e54b6bd9c879e31a2dc0dd41d7eaf6d1e98c847395e2bcbc1b4d,Hashes,4-May-2023 03:22 PM,Threat Library
19897a618ce3d9e5efb5950790702856104d20d012ccc06c66cf861f2dfff2ed,Hashes,4-May-2023 03:22 PM,Threat Library
fbe3ba718965bb4ead77976a09584307654a0e31b85f6756c43c05d10459c8e4,Hashes,4-May-2023 03:22 PM,Threat Library
36d097fa39b257be4c5341e1a487b3818d28710802e7417b8f895b407dc0284e,Hashes,4-May-2023 03:22 PM,Threat Library
aa9dd9a74f97bd7628c2a2bc57b524a18e6b47521b57684c4c68eb6997e920b5,Hashes,4-May-2023 03:22 PM,Cyber Threat Alliance · Threat Library
8fef6f31b31b1799dcd0293117400847f44ce5c8b2610d8c11da6d82e9327e2c,Hashes,4-May-2023 03:22 PM,Threat Library
47ef140642e9f8c0eaaa69391b2c6baefc7d81719383ca93138ae84327addb38,Hashes,4-May-2023 03:22 PM,Threat Library
679494922a9fc6c0c48fc7db2e0b5d50c419e4c043b2eab9c2a163b3ee5d0517,Hashes,4-May-2023 03:22 PM,Threat Library
b13aa18edfbdc91badb1180ab82d99c7ce4dde63b34dfac060501609f2a12163,Hashes,4-May-2023 03:22 PM,Cyber Threat Alliance · Threat Library
12cedb4c8f12366bae6145a765a4cd02b90cb63bb46b2cd64c3830bcf8bc2ab8,Hashes,4-May-2023 03:22 PM,Threat Library
8b02aa615af7448963d466d86338551aea765049f3126417ec45c6eb6c979fbe,Hashes,4-May-2023 03:22 PM,Threat Library
8b295b0737053ccfbf09432de41087f454ef079487deb01091169ff5613aecf2,Hashes,4-May-2023 03:22 PM,Threat Library
5dac4bec546a2e20e142dc4c53c9e32535be1db5834adae1cdd8a7e9ab2639f1,Hashes,4-May-2023 03:22 PM,Threat Library
ad676c2353cb82ca9f2b85a34c13c87e434699e603c80e364d9b617d9f785a67,Hashes,4-May-2023 03:22 PM,Cyber Threat Alliance · Threat Library
098c5bf3bb8465dec6319a4f1ad8aa192058260baa54c1a0b5cee46fc8ffb3b9,Hashes,4-May-2023 03:22 PM,Threat Library
37269b8d4115f0bdef96483b1de4593b95119b93,Hashes,4-May-2023 03:22 PM,Threat Library
e382e17ec526d0af0cb248d02b7f492c714ce628f38954b4262cecbff0e692ca,Hashes,4-May-2023 03:22 PM,Threat Library
aafeba2900c447b3262b7d994cf0a69e8545a741a2ebb3633122bef0c2792694,Hashes,4-May-2023 03:22 PM,Threat Library
8105b4e18c7e1c5c10b80eab8ccff9b636a570b3d1b9a3271ad63efa26672c5a,Hashes,4-May-2023 03:22 PM,Threat Library
e6e609db3f387f42bfd16dd9e5695ddc2b73d86ae12baf4f0dfc4edda4a96a64,Hashes,4-May-2023 03:22 PM,Threat Library
e898f71bf45097fe06e14a1075edbc3c6409a9f93a61204cb6e8f769a5855fd2,Hashes,4-May-2023 03:22 PM,Threat Library
6e904e3199f461e9d36f1359f0d5b53d2115130a494f1fbd1bedd972587b34aa,Hashes,4-May-2023 03:22 PM,Threat Library
4dec8cc497236a13eff5e1885a02a6b9033f014581c34c4406c302e675918715,Hashes,4-May-2023 03:21 PM,Threat Library
3414709e1e4e1623ab06a8fcfccd9809d05674325d77db635ab598038b943739,Hashes,4-May-2023 03:21 PM,Threat Library
e6fdfdba063cfaa51cd6c7a604e4649278a7539c2d76c642fb444b34856fd379,Hashes,4-May-2023 03:21 PM,Threat Library
32f8a9e2f5c1184589b25f5717bac442b1701e5f82481a5f8a41112c1bf0aafc,Hashes,4-May-2023 03:20 PM,Threat Library
e560390d1255efa8cb6676a189713021b807d2a89b1660de5eb2327b2f94ee29,Hashes,4-May-2023 03:20 PM,Threat Library
3c8e60ce5ff0cb21be39d1176d1056f9ef9438fa,Hashes,4-May-2023 03:20 PM,Threat Library
886d111f87263c0058dd2c91f5c08833aa7478907008ef1d768d6ece42e3c44b,Hashes,27-Apr-2023 01:34 PM,Threat Library
682d316d27d88a3ad9a58fa51371002fcac597fd7492ce4209c4b3c96e9dd390,Hashes,27-Apr-2023 01:34 PM,Threat Library
e2368a319c5046db3e2247505c80f157f8ad9044fb03d856b10e41c85dda6aae,Hashes,27-Apr-2023 01:34 PM,Threat Library
10e55b3e8928b9b0c93cbbf343a9710ae9ef40f79a4c61f55dd3579dff1b22e5,Hashes,27-Apr-2023 01:34 PM,Threat Library
f0e008f9dd3d066ebb81613de9a7d24b61dfb7f4232de0501be85ca67b652596,Hashes,27-Apr-2023 01:33 PM,Threat Library
6988d9a74d9ebc4082c14a058780f009549ae1f06f8bb5980da6ead9af5445eb,Hashes,27-Apr-2023 01:33 PM,Threat Library
ebd55d58b133028292859e49da94dafe8ac91bf4daf9a2938222ac9b49ccb8ad,Hashes,27-Apr-2023 01:33 PM,Threat Library
df9c1b9cfa8530f43fd72397de9cf16e318d9280e087628ed713ef9a02a751a8,Hashes,27-Apr-2023 01:33 PM,Threat Library
2950a3fcdd4e52e2b9469a33eee1012ef58e72b6,Hashes,27-Apr-2023 01:33 PM,Threat Library
c93f049bfd7e1e5b9fafb04100cacc156fe76d69d4cc0a1df27d29b057371e05,Hashes,27-Apr-2023 01:33 PM,AlienVault OTX · Threat Library
17793d5410382fae470f72e34991dc190f41b990887845c642ab9c03d1725da3,Hashes,27-Apr-2023 01:33 PM,Threat Library
821b30b668d8a97d4a149ae13967ddb407170182a3d6b7caa92767a97dd51b8d,Hashes,27-Apr-2023 01:31 PM,AlienVault OTX · Threat Library
e6b66a76f960ac1c55cdd6dbe1dabc5cf3fa6a52c686517f71b4c7538982aa15,Hashes,27-Apr-2023 01:31 PM,Threat Library
fa2eddefad1f67d969fc2afae517e524f0a958bf6c13e491d87edd74a16e1fe3,Hashes,27-Apr-2023 01:31 PM,Threat Library
7ef4f71ea8aa14ecfd36b70909717fc060d4005d4c1d30546ea1bdea07dc0c26,Hashes,27-Apr-2023 01:31 PM,Threat Library
ecabd2a11ecec4dacbfcfbbe2ca448814b98852cd966162865b21137770c007b,Hashes,27-Apr-2023 01:31 PM,Cyber Threat Alliance · Threat Library
16b47a9ce05ae5136d1581e4e5b18cdc6f385fe4700ed11d7c40d56db911d99f,Hashes,27-Apr-2023 01:30 PM,Threat Library
d07402bb5c06778ba6f506df9c04a3e3e5d3f88a6f360348251d8e10857a0da6,Hashes,27-Apr-2023 01:30 PM,Threat Library
408af0af7419f67d396f754f01d4757ea89355ad19f71942f8d44c0d5515eec8,Hashes,27-Apr-2023 01:30 PM,AlienVault OTX · Threat Library
23d768b54f333b52ab41a571abd5a44cb447384f3a7048a5a721da7a71941042,Hashes,27-Apr-2023 01:30 PM,Cyber Threat Alliance · Threat Library
67f07cf54b80ae3c5ed8aeeb901c1a69f4d0580250d282a7568056aff829d471,Hashes,27-Apr-2023 01:30 PM,Threat Library
40b7b386c2c6944a6571c6dcfb23aaae026e8e82,Hashes,27-Apr-2023 01:30 PM,AlienVault OTX · Threat Library · ThreatFox
fe0dbfd7ef007769a71c21efae5540907a8e32bd4448b734928d48da17021bc4,Hashes,27-Apr-2023 01:30 PM,Threat Library
266e4cf2f6205caa7888b00c8598d7586b77e9e24a4f8056f33ea5700cee3f71,Hashes,27-Apr-2023 01:29 PM,Threat Library
b4241567d221124ce50f57b32025ea74ef9e2901e1223046d0e8363529483f6b,Hashes,27-Apr-2023 01:29 PM,Threat Library
8db51491ace1cfda099987d521cb62f2440f3aa122ff75e5f5ca543099a36212,Hashes,27-Apr-2023 01:29 PM,Cyber Threat Alliance · Threat Library
e6c721e0f41230b67b188bef6927ef0841c5806d67dc8d381f20ae710e0e23a6,Hashes,27-Apr-2023 01:29 PM,Threat Library
6f64f5e5affcf75dd481bd7e08f18f09df954727343080e500fe7184cdf02893,Hashes,27-Apr-2023 01:29 PM,Threat Library
84422523af2594eca91081a7b85aec981ff321e7f0af11f30082f2b4bab3c075,Hashes,27-Apr-2023 01:29 PM,Threat Library
8d730454ddb547d68803fde5cbad3433359be4a4c76a830e661996d97e3793ba,Hashes,27-Apr-2023 01:29 PM,Threat Library
8a67969804718c6dde07ac232add4d67325e589e2f3dd1f681ea8076573397bf,Hashes,27-Apr-2023 01:29 PM,Threat Library
fed161a79ef7a05845086e59919916a075534d7d4839a436d4ce0889380ed009,Hashes,27-Apr-2023 01:29 PM,Threat Library
b159934b6d205cff9295a31d10d27dfb1e5699dcfdbfe55d7761a43f89c2e098,Hashes,27-Apr-2023 01:29 PM,Threat Library
c4038aaf3b2f06877e00f6d6ea4880394d4b837d56591bfb9707b51986d66040,Hashes,27-Apr-2023 01:29 PM,Threat Library
08d87b137179e463b4cf2e17aae53cd4ccb8f3c192724af5a7f6ddbd429edba8,Hashes,27-Apr-2023 01:29 PM,Threat Library
ef00e160dfa76ce3d6c0d4c60e69f028babb820b1d4d81e0874ff014ab7cc9be,Hashes,27-Apr-2023 01:29 PM,Threat Library
f140cab283c35c92dc74db53b6d9964706538554d4151a637a406b093746692b,Hashes,27-Apr-2023 01:29 PM,Cyber Threat Alliance · Threat Library
52c6bfa604c72583084e50f5e6d002fcaf5ef51200c63e97ae8bf8d3f484f216,Hashes,27-Apr-2023 11:10 AM,Threat Library
6c850ff4326fe09ab00ea0a4279c056bcb6c4cca89f9f6cd438f3f23c2820438,Hashes,27-Apr-2023 11:10 AM,Threat Library
479b1b4f64e7ba0e6833fe6bb03d312919b224a395741050a5d2a436f84869c5,Hashes,27-Apr-2023 11:10 AM,Threat Library
26eb05b4bcc3bc27b367a0a06446c4e06b9693ff607a139800de93673f8244cb,Hashes,27-Apr-2023 11:10 AM,Threat Library
b6f7464ce0e9948045a52a0b2112519cfd49499c9f055b8c81d212bdbe1291bd,Hashes,27-Apr-2023 11:09 AM,Threat Library
397db38d372f87c43a0727c84e6426d33dce1a4bf904b3977c49fd1b4fc0b157,Hashes,27-Apr-2023 11:09 AM,Threat Library
f4aa9cc004dae7ca31eb07119e8ccac04ea9fac9d96440ebace8caf0320dfc1e,Hashes,27-Apr-2023 11:09 AM,Cyber Threat Alliance · Threat Library
9d5287f64c0947f0fbfc7000ffc397ad2d027145104ce39e553d04ab1a9f5721,Hashes,27-Apr-2023 11:08 AM,Threat Library
88.214.27.101,IP Addresses,9-Apr-2023 06:54 PM,AlienVault OTX · ThreatFox
36bba83180e7dbb7d13d12bed002b567736ef673ba94e2c6e483083d9f84e446,Hashes,29-Mar-2023 12:31 PM,Threat Library
36fe53674c67310af572daedf6e8deed,Hashes,29-Mar-2023 12:31 PM,Threat Library
cf6acdf8a00cc763c8ad5d43cdfc518a0af22e58ad5defae04163adbe4b2ccd8,Hashes,29-Mar-2023 12:31 PM,Threat Library
ff27164a41ac8ae2253fb6e3dc8ab32e6dd4a130640a905b41de57acfc178f73,Hashes,29-Mar-2023 12:31 PM,Threat Library
5149af0fb0c17d817edbc7286ec5a4705f3c30b49a602f8cd7653a24c7164932,Hashes,29-Mar-2023 10:29 AM,Threat Library
d6376fe83fb5ae2dd933ac94f8b04005e3eb8736ff91290f2064aabd31dd1084,Hashes,29-Mar-2023 10:29 AM,Threat Library
7d9354917cf32edf3c587d5ef2cf1e52ca751f465ff2052beb9d32cdd6b3943e,Hashes,29-Mar-2023 10:29 AM,Threat Library
d0cde86d47219e9c56b717f55dcdb01b0566344c13aa671613598cab427345b9,Hashes,29-Mar-2023 10:29 AM,AlienVault OTX · Cyware · Threat Library
24e6a4f553d97860b7cd76c7b1755e142ac0729822823f8073b8561e0c6c0cc7,Hashes,29-Mar-2023 10:29 AM,Threat Library
3c0b6438a296c34b970f1652b37a834fbce596567ca7418b73d902cadda99833,Hashes,29-Mar-2023 10:29 AM,Cyber Threat Alliance · Threat Library
b1c68d7d31b469284bafde8066a737f0eca8d22a31e7e6180477235fcbaca767,Hashes,29-Mar-2023 10:29 AM,Threat Library
cea00d8a8fa53f1850c8f4745cb7e7b7206a8a3f3a5c9c9c74737766a46ac376,Hashes,29-Mar-2023 10:28 AM,Threat Library
253d0088e948673b09031d5b5e4f21651154102e1600350fb385b98d0407bb37,Hashes,29-Mar-2023 10:28 AM,Threat Library
6a82bb44bcab461863d22f4ab9f056d9386ebb4d7474fd666d1c247a8e2ffc60,Hashes,29-Mar-2023 10:28 AM,Threat Library
29d350b0f8fd7e735c3f66e91004cdc9823fa9825de1151101669371d0c56827,Hashes,29-Mar-2023 10:28 AM,Threat Library
cdb9c46402b8d59c5e1a0f9a4ccfcb6e3de02002243e96e695c2552459b2e9e3,Hashes,29-Mar-2023 10:28 AM,Threat Library
aviadronazhed.com,Domains,28-Mar-2023 06:59 PM,AlienVault OTX · Threat Library · ThreatFox
ac890a6a948ba1f7214347c419d0bc819508b6973041495061913d493fc8815b,Hashes,26-Mar-2023 08:11 PM,Threat Library
a010600dc08a1abc80d60235a1afecb3795bace7b47f56990e7377507c34b8c4,Hashes,26-Mar-2023 08:06 PM,Threat Library
02c9859c66cdf3a3eb7f6aad6259aac9f3f01c9561b65ff82f817d59a983e878,Hashes,26-Mar-2023 06:03 PM,Threat Library
71812e56fd50bb06e1cd2759046bd8b9b92f90702d795f4e1b7bb0b810ffa148,Hashes,26-Mar-2023 06:01 PM,Cyber Threat Alliance · Threat Library
9ca81d153154f910867b78a55588408fcf00f9cd150a386e5cea5fef3c1a28f0,Hashes,26-Mar-2023 06:01 PM,Threat Library
a70eb8fd5bd665b2390c583f5f0cb659a821617ab07d4b5d57512afe76763476,Hashes,26-Mar-2023 06:01 PM,Threat Library
0004bb637f76906a412cc6b16a95a35f100ea09d6db76b124e1858d8a4d7efcb,Hashes,26-Mar-2023 06:01 PM,Threat Library
ba5c5b5cbd6abdf64131722240703fb585ee8b56,Hashes,21-Mar-2023 06:14 PM,AlienVault OTX · Threat Library
4a801be51deab8f252c404dd841b9ed96a1e176378ce6b0c3565a7336a7747a1,Hashes,21-Mar-2023 06:14 PM,Threat Library
b5e1b7ff5095d1f6a5a7e997eb8d460a235fab5606b793277074984ed3232751,Hashes,21-Mar-2023 06:14 PM,Threat Library
ae88047ff482ed3e9c468879989d41da60c2d391aca824aac6c31e26886f9ae9,Hashes,21-Mar-2023 06:14 PM,Threat Library
3c49b05244aac6a13163a4e954d3dc2b18d5579cb933065293a8fc19d5828371,Hashes,21-Mar-2023 06:14 PM,Threat Library
unlock@rsv-box.com,Emails,21-Mar-2023 06:14 PM,AlienVault OTX · Threat Library
778fe2e3e92503df6124c4a8ca6bbce0ca41dba16dc3b63e0693051d1b3b1234,Hashes,21-Mar-2023 06:14 PM,Threat Library
2b4322eeab260a5780866bfcf72d533173a7ac5accb3aaf3022893e8c9368882,Hashes,21-Mar-2023 06:14 PM,Threat Library
b42c46929ecb7d7170e8c41d5b3a433778855abebdc5f61988167cbe8306e46d,Hashes,21-Mar-2023 06:14 PM,Threat Library
6a2f114a8995dbeb91f766ac2390086e,Hashes,4-Mar-2023 05:31 PM,AlienVault OTX
7e39dcd15307e7de862b9b42bf556f2836bf7916faab0604a052c82c19e306ca,Hashes,12-Jan-2023 05:50 PM,AlienVault OTX · Threat Library
68a86858b4638b43d63e8e2aaec15a9ebd8fc14d460dd74463db42e59c4c6f89,Hashes,30-Dec-2022 04:21 AM,AlienVault OTX · Threat Library
092910024190a2521f21658be849c4ac9ae6fa4d5f2ecd44c9055cc353a26875,Hashes,16-Feb-2023 08:03 AM,AlienVault OTX · Threat Library
7a64bc69b60e3cd3fd00d4424b411394465640f499e56563447fe70579ccdd00,Hashes,16-Feb-2023 08:03 AM,AlienVault OTX · Threat Library
dd94c2fc46a6670b4600cf439b35dc81a401b09d2c2372139afe7b754d1d24d4,Hashes,30-Dec-2022 04:21 AM,AlienVault OTX · Threat Library
http://179.60.150.53:80/download/msruntime.dll,URLs,11-Dec-2022 03:05 PM,AlienVault OTX · Threat Library
80b9c5ec798e7bbd71bbdfffab11653f36a7a30e51de3a72c5213eafe65965d9,Hashes,30-Dec-2022 04:21 AM,AlienVault OTX · Threat Library
http://179.60.150.53:80/download/GoogleUpdate.dll,URLs,11-Dec-2022 03:05 PM,AlienVault OTX · Threat Library
http://nefosferta.com/gate.php,URLs,3-Mar-2023 07:01 AM,AlienVault OTX · Threat Library
58b671915e239e9682d50a026e46db0d775624a61a56199f7fd576b0cef4564d,Hashes,27-Feb-2023 04:49 PM,AlienVault OTX · Threat Library
45.227.253.102,IP Addresses,29-Apr-2023 04:00 AM,AlienVault OTX · CINS Score · Cyware · Dshield · Threat Library
27b6e71b4adeada41fb1e411a910872bfad999183d9d43ba6e63602e104d357b,Hashes,30-Dec-2022 12:02 PM,AlienVault OTX · Threat Library
b95a764820e918f42b664f3c9a96141e2d7d7d228da0edf151617fabdd9166cf,Hashes,30-Dec-2022 04:21 AM,AlienVault OTX · Threat Library
bf3c7f0ba324c96c9a9bff6cf21650a4b78edbc0076c68a9a125ebcba0e523c9,Hashes,30-Dec-2022 04:21 AM,AlienVault OTX · Threat Library
2d50b03a92445ba53ae147d0b97c494858c86a56fe037c44bc0edabb902420f7,Hashes,30-Dec-2022 04:21 AM,AlienVault OTX · Threat Library
c3b3640ddf53b26f4ebd4eedf929540edb452c413ca54d0d21cc405c7263f490,Hashes,16-Feb-2023 06:26 AM,AlienVault OTX · Threat Library
http://tddshht.com/chkds.dll,URLs,11-Dec-2022 03:05 PM,AlienVault OTX · Threat Library
http://jirostrogud.com/gate.php,URLs,19-Feb-2023 06:34 AM,AlienVault OTX · Threat Library
http://179.60.150.34:80/download/file.ext,URLs,6-Apr-2023 10:35 PM,AlienVault OTX · Threat Library
gbpooolfhbrb.com,Domains,4-May-2023 05:33 PM,AlienVault OTX
hiperfdhaus.com,Domains,10-Apr-2023 02:36 AM,AlienVault OTX
d9d85bdb6a3ac60a8ba6776c661dbace,Hashes,16-Feb-2023 06:26 AM,AlienVault OTX
775fb391db27e299af08933917a3acda,Hashes,16-Feb-2023 08:03 AM,AlienVault OTX
77360abc473dc65c8bdd73b6459b9ea8fddb6f1d,Hashes,16-Feb-2023 08:03 AM,AlienVault OTX
88.214.27.100,IP Addresses,6-May-2023 07:57 PM,AlienVault OTX
d8bd44b7a8f136e29b31226f4edf566a4223266c,Hashes,16-Feb-2023 06:26 AM,AlienVault OTX
5da364a8efab6370a174736705645a52,Hashes,15-Dec-2022 08:02 PM,AlienVault OTX
tddshht.com,Domains,4-May-2023 05:33 PM,AlienVault OTX
37e6904d84153d1435407f4669135134,Hashes,16-Feb-2023 08:03 AM,AlienVault OTX
edac3cf9533b6f7102f6324fadb437a0814cc680,Hashes,16-Feb-2023 06:26 AM,AlienVault OTX
nefosferta.com,Domains,10-Apr-2023 02:36 AM,AlienVault OTX
jirostrogud.com,Domains,4-May-2023 05:44 PM,AlienVault OTX
e4dd1f8fc4e44c8fd0e25242d994c4b59eed6939,Hashes,16-Feb-2023 06:26 AM,AlienVault OTX
e9115cc3280c16f9019e0054e059f4b8,Hashes,16-Feb-2023 06:26 AM,AlienVault OTX
8a94163ddf956abd0ea92d89db0034e5,Hashes,15-Dec-2022 08:02 PM,AlienVault OTX
f24232330e6f428bfbb6b9d8154db1c4046c2fc2,Hashes,22-Mar-2023 08:32 AM,AlienVault OTX
5022a85b39a75ebe2bc0411d7b058b2e,Hashes,16-Feb-2023 08:03 AM,AlienVault OTX
f18a54ba72df1a17daf21b519ffeee8463cfc81c194a8759a698709f1c9a3e87,Hashes,27-Nov-2022 12:53 PM,AlienVault OTX
b6755c86e52ceecf8d806bf814690691,Hashes,27-Nov-2022 12:53 PM,AlienVault OTX
0b214297e87360b3b7f6d687bdd7802992bc0e89b170d53bf403e536e07e396e,Hashes,27-Nov-2022 12:53 PM,AlienVault OTX
a9d5ec72fad42a197cbadcb1edc6811e3a8dd8c674df473fd8fa952ba0a23c15,Hashes,27-Nov-2022 12:53 PM,AlienVault OTX
0c435aadaa3c42a71ad8ff80781def4c8ce085f960d75f15b6fee8df78b2ac38,Hashes,27-Nov-2022 12:53 PM,AlienVault OTX
146.70.93.10,IP Addresses,7-Nov-2022 12:00 PM,AlienVault OTX
ads.softupdt.com,Domains,27-Nov-2022 12:53 PM,AlienVault OTX
d1224c08da923517d65c164932ef8d931633e5376f74bf0655b72d559cc32fd2,Hashes,27-Nov-2022 12:53 PM,AlienVault OTX